
<app>

    <sound id="BackgroundLoop" filename="burrowersLoop03" ext="caf" loop="true"/>

    <sound id="SplashDrownDistance" filename="splashdrown_distance" ext="caf"/>
    <sound id="Ooh" filename="ooh" ext="caf"/>
    <sound id="SmackOhNo" filename="smack_ohno" ext="caf"/>
    <sound id="Whooaa" filename="whooaa" ext="caf"/>
    <sound id="Smack" filename="smack" ext="caf"/>
    <sound id="SplashDrown" filename="splashdrown" ext="caf"/>
    <sound id="HitGround" filename="hitground" ext="caf"/>
    <sound id="AddPygmy" filename="addpygmy" ext="caf"/>

    <xsound id="Oh1" filename="oh1" ext="caf"/>
    <xsound id="Oh2" filename="oh2" ext="caf"/>
    <xsound id="Oh3" filename="oh3" ext="caf"/>

    <pngTextureDef id="SkyTexture" filename="sky3.png"/>
    <rectModelDef id="SkyModel" texture="SkyTexture" width="807" height="461"/>
    
    <pngTextureDef id="Cloud1Texture" filename="cloud1.png"/>
    <rectModelDef id="Cloud1Model" texture="Cloud1Texture" width="451" height="141"/>

    <pngTextureDef id="Cloud2Texture" filename="cloud2.png"/>
    <rectModelDef id="Cloud2Model" texture="Cloud2Texture" width="432" height="72"/>
        

    <rectModelDef id="Cloud3Model" texture="Cloud2Texture" width="432" height="72"/>
    <rectModelDef id="Cloud4Model" texture="Cloud1Texture" width="451" height="141"/>
    
    
    

    <pngTextureDef id="IslandTexture" filename="islandwithreflection3.png"/>
    <rectModelDef id="IslandModel" texture="IslandTexture" width="462" height="260"/>

    <pngTextureDef id="OceanTexture" filename="ocean.png"/>
    
    
    <pngTextureDef id="OceanAnimation_01" filename="ocean0001.png"/>
    <pngTextureDef id="OceanAnimation_02" filename="ocean0002.png"/>
    <pngTextureDef id="OceanAnimation_03" filename="ocean0003.png"/>
    <pngTextureDef id="OceanAnimation_04" filename="ocean0004.png"/>
    <pngTextureDef id="OceanAnimation_05" filename="ocean0005.png"/>
    <pngTextureDef id="OceanAnimation_06" filename="ocean0006.png"/>
    <pngTextureDef id="OceanAnimation_07" filename="ocean0007.png"/>
    <pngTextureDef id="OceanAnimation_08" filename="ocean0008.png"/>
    <pngTextureDef id="OceanAnimation_09" filename="ocean0009.png"/>
    <pngTextureDef id="OceanAnimation_10" filename="ocean0010.png"/>
    <pngTextureDef id="OceanAnimation_11" filename="ocean0011.png"/>
    <pngTextureDef id="OceanAnimation_12" filename="ocean0012.png"/>
    <pngTextureDef id="OceanAnimation_13" filename="ocean0013.png"/>
    <pngTextureDef id="OceanAnimation_14" filename="ocean0014.png"/>
    
    <rectModelDef id="OceanModel" texture="OceanTexture" width="810" height="130"/>


    <pngTextureDef id="PygmyTest" filename="pygmy_test.png"/>

    <pngTextureDef id="PygmyWalk_01" filename="pygmy_walk_0001.png"/>
    <pngTextureDef id="PygmyWalk_02" filename="pygmy_walk_0002.png"/>
    <pngTextureDef id="PygmyWalk_03" filename="pygmy_walk_0003.png"/>
    <pngTextureDef id="PygmyWalk_04" filename="pygmy_walk_0004.png"/>
    <pngTextureDef id="PygmyWalk_05" filename="pygmy_walk_0005.png"/>
    <pngTextureDef id="PygmyWalk_06" filename="pygmy_walk_0006.png"/>
    
    <pngTextureDef id="PygmyRun_01" filename="pygmy_run_0001.png"/>
    <pngTextureDef id="PygmyRun_02" filename="pygmy_run_0002.png"/>
    <pngTextureDef id="PygmyRun_03" filename="pygmy_run_0003.png"/>
    <pngTextureDef id="PygmyRun_04" filename="pygmy_run_0004.png"/>
        
    <pngTextureDef id="PygmyRun_01" filename="pygmy_run_0001.png"/>
    <pngTextureDef id="PygmyRun_02" filename="pygmy_run_0002.png"/>
    <pngTextureDef id="PygmyRun_03" filename="pygmy_run_0003.png"/>
    <pngTextureDef id="PygmyRun_04" filename="pygmy_run_0004.png"/>
        
    <pngTextureDef id="PygmyGrab_01" filename="pygmy_grabbed_0001.png"/>
    <pngTextureDef id="PygmyGrab_02" filename="pygmy_grabbed_0002.png"/>
    <pngTextureDef id="PygmyGrab_03" filename="pygmy_grabbed_0003.png"/>
    <pngTextureDef id="PygmyGrab_04" filename="pygmy_grabbed_0004.png"/>
    <pngTextureDef id="PygmyGrab_05" filename="pygmy_grabbed_0005.png"/>
    <pngTextureDef id="PygmyGrab_06" filename="pygmy_grabbed_0006.png"/>
    <pngTextureDef id="PygmyGrab_07" filename="pygmy_grabbed_0006.png"/>
    
    <pngTextureDef id="PygmyJump_01" filename="pygmy_jump_0001.png"/>
    <pngTextureDef id="PygmyJump_02" filename="pygmy_jump_0002.png"/>
    
    <pngTextureDef id="PygmyFall_01" filename="pygmy_fall_0001.png"/>
    <pngTextureDef id="PygmyFall_02" filename="pygmy_fall_0002.png"/>
    
    <pngTextureDef id="PygmyPanic_01" filename="pygmy_panic_0001.png"/>
    <pngTextureDef id="PygmyPanic_02" filename="pygmy_panic_0002.png"/>
    <pngTextureDef id="PygmyPanic_03" filename="pygmy_panic_0003.png"/>
    
    <pngTextureDef id="PygmyFall_01" filename="pygmy_fall_0001.png"/>
    <pngTextureDef id="PygmyFall_02" filename="pygmy_fall_0002.png"/>
    
    <pngTextureDef id="PygmyTumble_01" filename="pygmy_tumble_0001.png"/>
    <pngTextureDef id="PygmyTumble_02" filename="pygmy_tumble_0002.png"/>
    <pngTextureDef id="PygmyTumble_03" filename="pygmy_tumble_0003.png"/>
    <pngTextureDef id="PygmyTumble_04" filename="pygmy_tumble_0004.png"/>
    <pngTextureDef id="PygmyTumble_05" filename="pygmy_tumble_0005.png"/>


    
    <pngTextureDef id="PygmyIdle_A01" filename="pygmy_idle_0001.png"/>
    <pngTextureDef id="PygmyIdle_A02" filename="pygmy_idle_0002.png"/>
    <pngTextureDef id="PygmyIdle_A03" filename="pygmy_idle_0003.png"/>
    <pngTextureDef id="PygmyIdle_A04" filename="pygmy_idle_0004.png"/>
    <pngTextureDef id="PygmyIdle_A05" filename="pygmy_idle_0005.png"/>
    <pngTextureDef id="PygmyIdle_A06" filename="pygmy_idle_0006.png"/>
    <pngTextureDef id="PygmyIdle_A07" filename="pygmy_idle_0007.png"/>
    <pngTextureDef id="PygmyIdle_A08" filename="pygmy_idle_0008.png"/>
    <pngTextureDef id="PygmyIdle_A09" filename="pygmy_idle_0009.png"/>
    <pngTextureDef id="PygmyIdle_A10" filename="pygmy_idle_0010.png"/>
    <pngTextureDef id="PygmyIdle_A11" filename="pygmy_idle_0011.png"/>
    <pngTextureDef id="PygmyIdle_A12" filename="pygmy_idle_0012.png"/>
    <pngTextureDef id="PygmyIdle_A13" filename="pygmy_idle_0013.png"/>
    <pngTextureDef id="PygmyIdle_A14" filename="pygmy_idle_0014.png"/>
    <pngTextureDef id="PygmyIdle_A15" filename="pygmy_idle_0015.png"/>
    <pngTextureDef id="PygmyIdle_A16" filename="pygmy_idle_0016.png"/>
    <pngTextureDef id="PygmyIdle_A17" filename="pygmy_idle_0017.png"/>
    <pngTextureDef id="PygmyIdle_A18" filename="pygmy_idle_0018.png"/>
    <pngTextureDef id="PygmyIdle_A19" filename="pygmy_idle_0019.png"/>
    <pngTextureDef id="PygmyIdle_A20" filename="pygmy_idle_0020.png"/>
    
    <pngTextureDef id="PygmyLand_01" filename="pygmy_land_0001.png"/>
    <pngTextureDef id="PygmyLand_02" filename="pygmy_land_0002.png"/>
    <pngTextureDef id="PygmyLand_03" filename="pygmy_land_0003.png"/>
    <pngTextureDef id="PygmyLand_04" filename="pygmy_land_0004.png"/>
    <pngTextureDef id="PygmyLand_05" filename="pygmy_land_0005.png"/>
    <pngTextureDef id="PygmyLand_06" filename="pygmy_land_0006.png"/>
    <pngTextureDef id="PygmyLand_07" filename="pygmy_land_0007.png"/>
    <pngTextureDef id="PygmyLand_08" filename="pygmy_land_0008.png"/>
    <pngTextureDef id="PygmyLand_09" filename="pygmy_land_0009.png"/>
    <pngTextureDef id="PygmyLand_10" filename="pygmy_land_0010.png"/>
    <pngTextureDef id="PygmyLand_11" filename="pygmy_land_0011.png"/>
    <pngTextureDef id="PygmyLand_12" filename="pygmy_land_0012.png"/>
    <pngTextureDef id="PygmyLand_13" filename="pygmy_land_0013.png"/>
    <pngTextureDef id="PygmyLand_14" filename="pygmy_land_0014.png"/>
    <pngTextureDef id="PygmyLand_15" filename="pygmy_land_0015.png"/>
    <pngTextureDef id="PygmyLand_16" filename="pygmy_land_0016.png"/>
    <pngTextureDef id="PygmyLand_17" filename="pygmy_land_0017.png"/>
    <pngTextureDef id="PygmyLand_18" filename="pygmy_land_0018.png"/>
    <pngTextureDef id="PygmyLand_19" filename="pygmy_land_0019.png"/>
    
    <pngTextureDef id="PygmyDrown_01" filename="pygmy_drown_0001.png"/>
    <pngTextureDef id="PygmyDrown_02" filename="pygmy_drown_0002.png"/>
    <pngTextureDef id="PygmyDrown_03" filename="pygmy_drown_0003.png"/>
    <pngTextureDef id="PygmyDrown_04" filename="pygmy_drown_0004.png"/>
    <pngTextureDef id="PygmyDrown_05" filename="pygmy_drown_0005.png"/>
    <pngTextureDef id="PygmyDrown_06" filename="pygmy_drown_0006.png"/>
    <pngTextureDef id="PygmyDrown_07" filename="pygmy_drown_0007.png"/>
    <pngTextureDef id="PygmyDrown_08" filename="pygmy_drown_0008.png"/>
    <pngTextureDef id="PygmyDrown_09" filename="pygmy_drown_0009.png"/>
    <pngTextureDef id="PygmyDrown_10" filename="pygmy_drown_0010.png"/>
    <pngTextureDef id="PygmyDrown_11" filename="pygmy_drown_0011.png"/>
    <pngTextureDef id="PygmyDrown_12" filename="pygmy_drown_0012.png"/>
    <pngTextureDef id="PygmyDrown_13" filename="pygmy_drown_0013.png"/>
    <pngTextureDef id="PygmyDrown_14" filename="pygmy_drown_0014.png"/>
    <pngTextureDef id="PygmyDrown_15" filename="pygmy_drown_0015.png"/>
    <pngTextureDef id="PygmyDrown_16" filename="pygmy_drown_0016.png"/>
    <pngTextureDef id="PygmyDrown_17" filename="pygmy_drown_0017.png"/>
    <pngTextureDef id="PygmyDrown_18" filename="pygmy_drown_0018.png"/>
    <pngTextureDef id="PygmyDrown_19" filename="pygmy_drown_0019.png"/>
    <pngTextureDef id="PygmyDrown_20" filename="pygmy_drown_0020.png"/>
    <pngTextureDef id="PygmyDrown_21" filename="pygmy_drown_0021.png"/>
    <pngTextureDef id="PygmyDrown_22" filename="pygmy_drown_0022.png"/>
    <pngTextureDef id="PygmyDrown_23" filename="pygmy_drown_0023.png"/>
    <pngTextureDef id="PygmyDrown_24" filename="pygmy_drown_0024.png"/>
    <pngTextureDef id="PygmyDrown_25" filename="pygmy_drown_0025.png"/>
    <pngTextureDef id="PygmyDrown_26" filename="pygmy_drown_0026.png"/>
    <pngTextureDef id="PygmyDrown_27" filename="pygmy_drown_0027.png"/>
    <pngTextureDef id="PygmyDrown_28" filename="pygmy_drown_0028.png"/>
    <pngTextureDef id="PygmyDrown_29" filename="pygmy_drown_0029.png"/>
    <pngTextureDef id="PygmyDrown_30" filename="pygmy_drown_0030.png"/>
    <pngTextureDef id="PygmyDrown_31" filename="pygmy_drown_0031.png"/>


    <pngTextureDef id="plussign" filename="plussign.png"/>
   
    <rectModelDef id="PygmyModel" texture="PygmyWalk_01" width="64" height="64"/>
    <rectModelDef id="ButtonModel" texture="plussign" width="64" height="64"/>


    does an animation apply itself to a single object, or possibly a bunch of objects

    <animationDef id="PygmyTestAnim" fps="12" length="1" loop="true">
        <frameDef frame="0">
            <textureFrameState id="Pygmy" texture="PygmyTest"/>
        </frameDef>
    </animationDef>

    <animationDef id="PygmyIdleAnim" fps="12" length="30" loop="true">
        <frameDef frame="0">
            <textureFrameState id="Pygmy" texture="PygmyIdle_A01"/>
        </frameDef>
        <frameDef frame="1">
            <textureFrameState id="Pygmy" texture="PygmyIdle_A02"/>
        </frameDef>
        <frameDef frame="2">
            <textureFrameState id="Pygmy" texture="PygmyIdle_A03"/>
        </frameDef>
        <frameDef frame="3">
            <textureFrameState id="Pygmy" texture="PygmyIdle_A04"/>
        </frameDef>
        <frameDef frame="4">
            <textureFrameState id="Pygmy" texture="PygmyIdle_A05"/>
        </frameDef>
        <frameDef frame="5">
            <textureFrameState id="Pygmy" texture="PygmyIdle_A06"/>
        </frameDef>
        <frameDef frame="6">
            <textureFrameState id="Pygmy" texture="PygmyIdle_A07"/>
        </frameDef>
        <frameDef frame="7">
            <textureFrameState id="Pygmy" texture="PygmyIdle_A08"/>
        </frameDef>
        <frameDef frame="8">
            <textureFrameState id="Pygmy" texture="PygmyIdle_A09"/>
        </frameDef>
        <frameDef frame="9">
            <textureFrameState id="Pygmy" texture="PygmyIdle_A10"/>
        </frameDef>
        <frameDef frame="10">
            <textureFrameState id="Pygmy" texture="PygmyIdle_A11"/>
        </frameDef>
        <frameDef frame="11">
            <textureFrameState id="Pygmy" texture="PygmyIdle_A12"/>
        </frameDef>
        <frameDef frame="12">
            <textureFrameState id="Pygmy" texture="PygmyIdle_A13"/>
        </frameDef>
        <frameDef frame="13">
            <textureFrameState id="Pygmy" texture="PygmyIdle_A14"/>
        </frameDef>
        <frameDef frame="14">
            <textureFrameState id="Pygmy" texture="PygmyIdle_A15"/>
        </frameDef>
        <frameDef frame="15">
            <textureFrameState id="Pygmy" texture="PygmyIdle_A16"/>
        </frameDef>
        <frameDef frame="16">
            <textureFrameState id="Pygmy" texture="PygmyIdle_A17"/>
        </frameDef>
        <frameDef frame="17">
            <textureFrameState id="Pygmy" texture="PygmyIdle_A18"/>
        </frameDef>
        <frameDef frame="18">
            <textureFrameState id="Pygmy" texture="PygmyIdle_A19"/>
        </frameDef>
        <frameDef frame="19">
            <textureFrameState id="Pygmy" texture="PygmyIdle_A10"/>
        </frameDef>
        <frameDef frame="20">
            <textureFrameState id="Pygmy" texture="PygmyIdle_A11"/>
        </frameDef>
        <frameDef frame="21">
            <textureFrameState id="Pygmy" texture="PygmyIdle_A12"/>
        </frameDef>
        <frameDef frame="22">
            <textureFrameState id="Pygmy" texture="PygmyIdle_A13"/>
        </frameDef>
        <frameDef frame="23">
            <textureFrameState id="Pygmy" texture="PygmyIdle_A14"/>
        </frameDef>
        <frameDef frame="24">
            <textureFrameState id="Pygmy" texture="PygmyIdle_A15"/>
        </frameDef>
        <frameDef frame="25">
            <textureFrameState id="Pygmy" texture="PygmyIdle_A16"/>
        </frameDef>
        <frameDef frame="26">
            <textureFrameState id="Pygmy" texture="PygmyIdle_A17"/>
        </frameDef>
        <frameDef frame="27">
            <textureFrameState id="Pygmy" texture="PygmyIdle_A18"/>
        </frameDef>
        <frameDef frame="28">
            <textureFrameState id="Pygmy" texture="PygmyIdle_A19"/>
        </frameDef>
        <frameDef frame="29">
            <textureFrameState id="Pygmy" texture="PygmyIdle_A20"/>
        </frameDef>
        
    </animationDef>

    <animationDef id="PygmyWalkAnim" fps="12" length="6" loop="true">
        <frameDef frame="0">
            <textureFrameState id="Pygmy" texture="PygmyWalk_01"/>
        </frameDef>
        <frameDef frame="1">
            <textureFrameState id="Pygmy" texture="PygmyWalk_02"/>
        </frameDef> 
        <frameDef frame="2">
            <textureFrameState id="Pygmy" texture="PygmyWalk_03"/>
        </frameDef> 
        <frameDef frame="3">
            <textureFrameState id="Pygmy" texture="PygmyWalk_04"/>
        </frameDef> 
        <frameDef frame="4">
            <textureFrameState id="Pygmy" texture="PygmyWalk_05"/>
        </frameDef> 
        <frameDef frame="5">
            <textureFrameState id="Pygmy" texture="PygmyWalk_06"/>
        </frameDef> 
    </animationDef>
        
    <animationDef id="PygmyGrab" fps="12" length="5" loop="false">
        <frameDef frame="0">
            <textureFrameState id="Pygmy" texture="PygmyGrab_01"/>
        </frameDef>
        <frameDef frame="1">
            <textureFrameState id="Pygmy" texture="PygmyGrab_02"/>
        </frameDef> 
        <frameDef frame="2">
            <textureFrameState id="Pygmy" texture="PygmyGrab_03"/>
        </frameDef> 
        <frameDef frame="3">
            <textureFrameState id="Pygmy" texture="PygmyGrab_04"/>
        </frameDef> 
        <frameDef frame="4">
            <textureFrameState id="Pygmy" texture="PygmyGrab_05"/>
        </frameDef> 
        <frameDef frame="5">
            <textureFrameState id="Pygmy" texture="PygmyGrab_06"/>
        </frameDef> 
        <frameDef frame="6">
            <textureFrameState id="Pygmy" texture="PygmyGrab_07"/>
        </frameDef> 
    </animationDef>
    
    <animationDef id="PygmyRunAnim" fps="12" length="4" loop="true">
        <frameDef frame="0">
            <textureFrameState id="Pygmy" texture="PygmyRun_01"/>
        </frameDef>
        <frameDef frame="1">
            <textureFrameState id="Pygmy" texture="PygmyRun_02"/>
        </frameDef>
        <frameDef frame="2">
            <textureFrameState id="Pygmy" texture="PygmyRun_03"/>
        </frameDef>
        <frameDef frame="3">
            <textureFrameState id="Pygmy" texture="PygmyRun_04"/>
        </frameDef>
    </animationDef>
    
    <animationDef id="PygmyJumpAnim" fps="12" length="2" loop="true">
        <frameDef frame="0">
            <textureFrameState id="Pygmy" texture="PygmyJump_01"/>
        </frameDef>
        <frameDef frame="1">
            <textureFrameState id="Pygmy" texture="PygmyJump_02"/>
        </frameDef>
    </animationDef>



    <animationDef id="PygmyPanicAnim" fps="18" length="3" loop="true">
        <frameDef frame="0">
            <textureFrameState id="Pygmy" texture="PygmyPanic_01"/>
        </frameDef>
        <frameDef frame="1">
            <textureFrameState id="Pygmy" texture="PygmyPanic_02"/>
        </frameDef> 
                <frameDef frame="2">
            <textureFrameState id="Pygmy" texture="PygmyPanic_03"/>
        </frameDef> 
    </animationDef>

    <animationDef id="PygmyFallAnim" fps="18" length="2" loop="true">
        <frameDef frame="0">
            <textureFrameState id="Pygmy" texture="PygmyFall_01"/>
        </frameDef>
        <frameDef frame="1">
            <textureFrameState id="Pygmy" texture="PygmyFall_02"/>
        </frameDef> 
    </animationDef>

    <animationDef id="PygmyTumbleAnim" fps="12" length="5" loop="true">
        <frameDef frame="0">
            <textureFrameState id="Pygmy" texture="PygmyTumble_01"/>
        </frameDef>
        <frameDef frame="1">
            <textureFrameState id="Pygmy" texture="PygmyTumble_02"/>
        </frameDef> 
        <frameDef frame="2">
            <textureFrameState id="Pygmy" texture="PygmyTumble_03"/>
        </frameDef> 
        <frameDef frame="3">
            <textureFrameState id="Pygmy" texture="PygmyTumble_04"/>
        </frameDef> 
        <frameDef frame="4">
            <textureFrameState id="Pygmy" texture="PygmyTumble_05"/>
        </frameDef> 
    </animationDef>

    <animationDef id="PygmyLandAnim" fps="12" length="19">
        <frameDef frame="0">
            <textureFrameState id="Pygmy" texture="PygmyLand_01"/>
        </frameDef>
        <frameDef frame="1">
            <textureFrameState id="Pygmy" texture="PygmyLand_02"/>
        </frameDef>
        <frameDef frame="2">
            <textureFrameState id="Pygmy" texture="PygmyLand_03"/>
        </frameDef>
        <frameDef frame="3">
            <textureFrameState id="Pygmy" texture="PygmyLand_04"/>
        </frameDef>
        <frameDef frame="4">
            <textureFrameState id="Pygmy" texture="PygmyLand_05"/>
        </frameDef>
        <frameDef frame="5">
            <textureFrameState id="Pygmy" texture="PygmyLand_06"/>
        </frameDef>
        <frameDef frame="6">
            <textureFrameState id="Pygmy" texture="PygmyLand_07"/>
        </frameDef>
        <frameDef frame="7">
            <textureFrameState id="Pygmy" texture="PygmyLand_08"/>
        </frameDef>
        <frameDef frame="8">
            <textureFrameState id="Pygmy" texture="PygmyLand_09"/>
        </frameDef>
        <frameDef frame="9">
            <textureFrameState id="Pygmy" texture="PygmyLand_10"/>
        </frameDef>
        <frameDef frame="10">
            <textureFrameState id="Pygmy" texture="PygmyLand_11"/>
        </frameDef>
        <frameDef frame="11">
            <textureFrameState id="Pygmy" texture="PygmyLand_12"/>
        </frameDef>
        <frameDef frame="12">
            <textureFrameState id="Pygmy" texture="PygmyLand_13"/>
        </frameDef>
        <frameDef frame="13">
            <textureFrameState id="Pygmy" texture="PygmyLand_14"/>
        </frameDef>
        <frameDef frame="14">
            <textureFrameState id="Pygmy" texture="PygmyLand_15"/>
        </frameDef>
        <frameDef frame="15">
            <textureFrameState id="Pygmy" texture="PygmyLand_16"/>
        </frameDef>
        <frameDef frame="16">
            <textureFrameState id="Pygmy" texture="PygmyLand_17"/>
        </frameDef>
        <frameDef frame="17">
            <textureFrameState id="Pygmy" texture="PygmyLand_18"/>
        </frameDef>
        <frameDef frame="18">
            <textureFrameState id="Pygmy" texture="PygmyLand_19"/>
        </frameDef>
    </animationDef>
    
    
    <animationDef id="PygmyDrownAnim" fps="12" length="31">
        <frameDef frame="0">
            <textureFrameState id="Pygmy" texture="PygmyDrown_01"/>
        </frameDef>
        <frameDef frame="1">
            <textureFrameState id="Pygmy" texture="PygmyDrown_02"/>
        </frameDef>
        <frameDef frame="2">
            <textureFrameState id="Pygmy" texture="PygmyDrown_03"/>
        </frameDef>
        <frameDef frame="3">
            <textureFrameState id="Pygmy" texture="PygmyDrown_04"/>
        </frameDef>
        <frameDef frame="4">
            <textureFrameState id="Pygmy" texture="PygmyDrown_05"/>
        </frameDef>
        <frameDef frame="5">
            <textureFrameState id="Pygmy" texture="PygmyDrown_06"/>
        </frameDef>
        <frameDef frame="6">
            <textureFrameState id="Pygmy" texture="PygmyDrown_07"/>
        </frameDef>
        <frameDef frame="7">
            <textureFrameState id="Pygmy" texture="PygmyDrown_08"/>
        </frameDef>
        <frameDef frame="8">
            <textureFrameState id="Pygmy" texture="PygmyDrown_09"/>
        </frameDef>
        <frameDef frame="9">
            <textureFrameState id="Pygmy" texture="PygmyDrown_10"/>
        </frameDef>
        <frameDef frame="10">
            <textureFrameState id="Pygmy" texture="PygmyDrown_11"/>
        </frameDef>
        <frameDef frame="11">
            <textureFrameState id="Pygmy" texture="PygmyDrown_12"/>
        </frameDef>
        <frameDef frame="12">
            <textureFrameState id="Pygmy" texture="PygmyDrown_13"/>
        </frameDef>
        <frameDef frame="13">
            <textureFrameState id="Pygmy" texture="PygmyDrown_14"/>
        </frameDef>
        <frameDef frame="14">
            <textureFrameState id="Pygmy" texture="PygmyDrown_15"/>
        </frameDef>
        <frameDef frame="15">
            <textureFrameState id="Pygmy" texture="PygmyDrown_16"/>
        </frameDef>
        <frameDef frame="16">
            <textureFrameState id="Pygmy" texture="PygmyDrown_17"/>
        </frameDef>
        <frameDef frame="17">
            <textureFrameState id="Pygmy" texture="PygmyDrown_18"/>
        </frameDef>
        <frameDef frame="18">
            <textureFrameState id="Pygmy" texture="PygmyDrown_19"/>
        </frameDef>
        <frameDef frame="19">
            <textureFrameState id="Pygmy" texture="PygmyDrown_20"/>
        </frameDef>
        <frameDef frame="20">
            <textureFrameState id="Pygmy" texture="PygmyDrown_21"/>
        </frameDef>
        <frameDef frame="21">
            <textureFrameState id="Pygmy" texture="PygmyDrown_22"/>
        </frameDef>
        <frameDef frame="22">
            <textureFrameState id="Pygmy" texture="PygmyDrown_23"/>
        </frameDef>
        <frameDef frame="23">
            <textureFrameState id="Pygmy" texture="PygmyDrown_24"/>
        </frameDef>
        <frameDef frame="24">
            <textureFrameState id="Pygmy" texture="PygmyDrown_25"/>
        </frameDef>
        <frameDef frame="25">
            <textureFrameState id="Pygmy" texture="PygmyDrown_26"/>
        </frameDef>
        <frameDef frame="26">
            <textureFrameState id="Pygmy" texture="PygmyDrown_27"/>
        </frameDef>
        <frameDef frame="27">
            <textureFrameState id="Pygmy" texture="PygmyDrown_28"/>
        </frameDef>
        <frameDef frame="28">
            <textureFrameState id="Pygmy" texture="PygmyDrown_29"/>
        </frameDef>
        <frameDef frame="29">
            <textureFrameState id="Pygmy" texture="PygmyDrown_30"/>
        </frameDef>
            <frameDef frame="30">
            <textureFrameState id="Pygmy" texture="PygmyDrown_31"/>
        </frameDef>
    </animationDef>

    
    <animationDef id="OceanAnim" fps="12" length="14" loop="true">
        <frameDef frame="0">
            <textureFrameState id="OceanWave" texture="OceanAnimation_01"/>
        </frameDef>
        <frameDef frame="1">
            <textureFrameState id="OceanWave" texture="OceanAnimation_02"/>
        </frameDef>
        <frameDef frame="2">
            <textureFrameState id="OceanWave" texture="OceanAnimation_03"/>
        </frameDef>
        <frameDef frame="3">
            <textureFrameState id="OceanWave" texture="OceanAnimation_04"/>
        </frameDef>
        <frameDef frame="4">
            <textureFrameState id="OceanWave" texture="OceanAnimation_05"/>
        </frameDef>
        <frameDef frame="5">
            <textureFrameState id="OceanWave" texture="OceanAnimation_06"/>
        </frameDef>
        <frameDef frame="6">
            <textureFrameState id="OceanWave" texture="OceanAnimation_07"/>
        </frameDef>
        <frameDef frame="7">
            <textureFrameState id="OceanWave" texture="OceanAnimation_08"/>
        </frameDef>
        <frameDef frame="8">
            <textureFrameState id="OceanWave" texture="OceanAnimation_09"/>
        </frameDef>
        <frameDef frame="9">
            <textureFrameState id="OceanWave" texture="OceanAnimation_10"/>
        </frameDef>
        <frameDef frame="10">
            <textureFrameState id="OceanWave" texture="OceanAnimation_11"/>
        </frameDef>
        <frameDef frame="11">
            <textureFrameState id="OceanWave" texture="OceanAnimation_12"/>
        </frameDef>
        <frameDef frame="12">
            <textureFrameState id="OceanWave" texture="OceanAnimation_13"/>
        </frameDef>
        <frameDef frame="13">
            <textureFrameState id="OceanWave" texture="OceanAnimation_14"/>
        </frameDef>

    </animationDef>

<!--<sound id="SmackOhNo" filename="smack_ohno" ext="caf"/>-->

    <sequence id="PocketGod">
        <sequenceItem method="drawDisplayGroup" id="PocketGod"/>
        <sequenceItem method="setAnimation" id="Ocean" animation="OceanAnim" stateId="OceanWave"/>
        <sequenceItem method="setLogic" logicId="NewPygmyButtonLogic" displayObjectId="NewPygmyButton"/>
        <sequenceItem method="playSound" soundId="BackgroundLoop"/>
        <sequenceItem method="runSequence" id="AddPygmy"/>
    </sequence>

    <sequence id="AddPygmy">
        <sequenceItem method="playSound" soundId="AddPygmy"/>
        <sequenceItem method="addPygmy"/>
    </sequence>

    <sequence id="PygmyFallFar">
        <sequenceItem method="setAnimation" animation="PygmyFallAnim"/>
        <sequenceItem method="setOrigin" xPos="-32" yPos="0" zPos="0"/>
        <sequenceItem method="playSound" soundId="Whooaa"/>
        <sequenceItem method="fall"/>
        <sequenceItem method="playSound" soundId="HitGround"/>
        <sequenceItem method="setAnimation" animation="PygmyLandAnim"/>
        <sequenceItem method="waitForAnimation"/>
        <sequenceItem method="runSequence" id="PygmyIdle"/>
    </sequence>

    <sequence id="PygmyFall">
        <sequenceItem method="setAnimation" animation="PygmyFallAnim"/>
        <sequenceItem method="setOrigin" xPos="-32" yPos="0" zPos="0"/>
        <sequenceItem method="fall"/>
        <sequenceItem method="playSound" soundId="HitGround"/>
        <sequenceItem method="setAnimation" animation="PygmyLandAnim"/>
        <sequenceItem method="waitForAnimation"/>
        <sequenceItem method="runSequence" id="PygmyIdle"/>
    </sequence>

    <sequence id="PygmyTumble">
        <sequenceItem method="setAnimation" animation="PygmyTumbleAnim"/>
        <sequenceItem method="playSound" soundId="SmackOhNo"/>
        <sequenceItem method="setOrigin" xPos="-32" yPos="0" zPos="0"/>
        <sequenceItem method="tumble"/>
        <sequenceItem method="runSequence" id="PygmySplashDistance"/>
    </sequence>

    <sequence id="PygmySplash">
        <sequenceItem method="setAnimation" animation="PygmyDrownAnim"/>
        <sequenceItem method="playSound" soundId="SplashDrown"/>
        <sequenceItem method="waitForAnimation"/>
        <sequenceItem method="die"/>
    </sequence>

    <sequence id="PygmySplashDistance">
        <sequenceItem method="setAnimation" animation="PygmyDrownAnim"/>
        <sequenceItem method="playSound" soundId="SplashDrownDistance"/>
        <sequenceItem method="waitForAnimation"/>
        <sequenceItem method="die"/>
    </sequence>

    <sequence id="PygmyTouch">
        <sequenceItem method="setAnimation" animation="PygmyGrab"/>
        <sequenceItem method="playSound" soundId="Ooh"/>
                <sequenceItem method="waitForAnimation"/>
                <sequenceItem method="setAnimation" animation="PygmyPanicAnim"/>
        <sequenceItem method="resetVel"/>
    </sequence>

    <sequence id="PygmyDrag">
        <sequenceItem method="setAnimation" animation="PygmyPanicAnim"/>
        <sequenceItem method="drag" xOrigin="-29" yOrigin="-64"/>
    </sequence>

    <sequence id="PygmyIdle">
<!--    <sequenceItem method="setAnimation" animation="PygmyTestAnim"/>-->
<!--    <sequenceItem method="setOrigin" xPos="0" yPos="0" zPos="0"/>    -->
<!--    <sequenceItem method="rotate"/>                                  -->
<!--    <sequenceItem method="setOrigin" xPos="0" yPos="-64" zPos="0"/>  -->
<!--    <sequenceItem method="rotate"/>                                  -->
<!--    <sequenceItem method="setScale" xScale="-1.0" yScale="1" zScale="1"/>-->
<!--    <sequenceItem method="setPivot" xPos="0" yPos="0" zPos="0"/>         -->
<!--    <sequenceItem method="rotate"/>                                      -->
<!--    <sequenceItem method="setPivot" xPos="0" yPos="32" zPos="0"/>        -->
<!--    <sequenceItem method="rotate"/>                                      -->

        <sequenceItem method="setAnimation" animation="PygmyWalkAnim"/>
        <sequenceItem method="walk" minTime="0.5" maxTime="2.0"/>
        <sequenceItem method="setAnimation" animation="PygmyIdleAnim"/>
        <sequenceItem method="idle" minTime="0.5" maxTime="5.0"/>
        <sequenceItem method="runSequence" id="PygmyIdle"/>
    </sequence>

<!--<displayGroup id="PocketGod" yPos="480" zRot="-90">-->
    <displayGroup id="PocketGod" xPos="-130" yPos="240" zRot="-90">
        <displayGroup id="IslandDisplayGroup" xPos="0" yPos="0" zRot="0">
            <model id="Sky" model="SkyModel" xPos="0" yPos="120" zPos="-277.12"/>
            <model id="Cloud1" model="Cloud1Model" xPos="0" yPos="150" zPos="-277.12"/>
            <model id="Cloud2" model="Cloud2Model" xPos="180" yPos="280" zPos="-277.12"/>

                        <model id="Cloud4" model="Cloud4Model" xPos="40" yPos="490" zPos="-277.12"/>
            <model id="Ocean" model="OceanModel" xPos="0" yPos="0" zPos="-277.12"/>
            <model id="Island" model="IslandModel" xPos="0" yPos="5" zPos="-277.12"/>
        </displayGroup>
        <model id="NewPygmyButton" model="ButtonModel" xPos="10" yPos="246" zPos="-277.12" selectable="true" colXMin="0" colXMax="64" colYMin="0" colYMax="64"/>
    </displayGroup>

</app>
